"ID","Description","GeneRatio","BgRatio","RichFactor","FoldEnrichment","zScore","pvalue","p.adjust","qvalue","geneID","Count"
"GO:0022626","cytosolic ribosome","54/1519","118/19880",0.457627118644068,5.98922127626338,15.6345832870533,2.60577074858804e-29,1.81622221176586e-26,1.20414037750542e-26,"RPS7/RPL7A/RPL39/RPS28/UBA52/RPS17/RPL28/LARP4/RPL13A/RPLP0/RPS6/RPS26/RPS27A/DHX29/RPL4/RPL7L1/RPSA/RPL9/RPL37/RPS15/RPS5/RPL38/RPLP1/RPS18/RPS10/RPL14/RNF10/EEF1A1/EIF2AK4/RPL10A/RPL37A/NEMF/RPL15/RPS24/RPS3A/RPS12/RPS4X/GCN1/RPS13/DDX3X/RPL41/RACK1/RPS14/RPL23/RPS27/RPS9/RPL12/RPS11/RPL18/RPL3/RPS21/RPS3/RPS20/RPL5",54
"GO:0005925","focal adhesion","106/1519","424/19880",0.25,3.27188940092166,13.6010151200864,1.24199152841534e-28,4.32834047652746e-26,2.86965411039123e-26,"FLNC/PDCD6IP/RPS7/FLNA/SRP68/EZR/CLASP1/ARPC2/CBL/RPL7A/NCKAP1/PEAK1/VASP/PTK7/CALR/EPB41L5/KRAS/MRC2/ITGA5/RPS17/RPL13A/SHC1/RPLP0/CLASP2/BSG/HMGA1/PTK2/FERMT2/VCL/RPL4/SCARB2/CHP1/NPM1/HSPA1B/PAK4/PAK1/RPL9/G3BP1/YWHAQ/HSPA9/RPS15/CTNNA1/RPS5/RPL38/RPLP1/CFL1/RPS18/RPS10/GJA1/TPM4/AIF1L/MAPRE1/RPL10A/RPL37A/ANXA5/PABPC1/RPS3A/HYOU1/ACTN4/DCAF6/PTPN12/B2M/ARHGEF2/DNM2/PRKAR2A/FLNB/CORO1C/CTNNB1/IRF2/NUMB/PVR/PPFIBP1/PCBP2/PIP5K1A/RPS4X/RPS13/PPIA/YWHAE/LAMTOR3/YWHAZ/CDC42/FLOT1/RPS14/SRC/RDX/CYFIP1/RPL23/ITGB1/RPS9/RPL12/CPNE3/RPS11/RPL18/RPL3/CAPN2/RPS3/SDCBP/PPP1R12A/ARPC3/ACTN1/RPL5/HNRNPK/TSPAN9/VIM/ITGAV/RAC1",106
"GO:0030055","cell-substrate junction","106/1519","434/19880",0.244239631336406,3.19650024421839,13.3072699928105,1.00404516820307e-27,2.33273160745846e-25,1.54658185558297e-25,"FLNC/PDCD6IP/RPS7/FLNA/SRP68/EZR/CLASP1/ARPC2/CBL/RPL7A/NCKAP1/PEAK1/VASP/PTK7/CALR/EPB41L5/KRAS/MRC2/ITGA5/RPS17/RPL13A/SHC1/RPLP0/CLASP2/BSG/HMGA1/PTK2/FERMT2/VCL/RPL4/SCARB2/CHP1/NPM1/HSPA1B/PAK4/PAK1/RPL9/G3BP1/YWHAQ/HSPA9/RPS15/CTNNA1/RPS5/RPL38/RPLP1/CFL1/RPS18/RPS10/GJA1/TPM4/AIF1L/MAPRE1/RPL10A/RPL37A/ANXA5/PABPC1/RPS3A/HYOU1/ACTN4/DCAF6/PTPN12/B2M/ARHGEF2/DNM2/PRKAR2A/FLNB/CORO1C/CTNNB1/IRF2/NUMB/PVR/PPFIBP1/PCBP2/PIP5K1A/RPS4X/RPS13/PPIA/YWHAE/LAMTOR3/YWHAZ/CDC42/FLOT1/RPS14/SRC/RDX/CYFIP1/RPL23/ITGB1/RPS9/RPL12/CPNE3/RPS11/RPL18/RPL3/CAPN2/RPS3/SDCBP/PPP1R12A/ARPC3/ACTN1/RPL5/HNRNPK/TSPAN9/VIM/ITGAV/RAC1",106
"GO:0044391","ribosomal subunit","60/1519","186/19880",0.32258064516129,4.22179277538279,12.6974086523082,9.63579166243271e-23,1.6790366971789e-20,1.11318751047578e-20,"RPS7/RPL7A/RPL39/RPS28/UBA52/RPS17/RPL28/LARP4/RPL13A/RPLP0/RPS6/RPS26/RPS27A/DHX29/RPL4/RPL7L1/MRPL18/RPSA/DAP3/MRPS11/RPL9/RPL37/RPS15/RPS5/RPL38/RPLP1/RPS18/RPS10/RPL14/MRPL2/RPL10A/RPL37A/RPL15/RPS24/RPS3A/MRPS9/RPS12/MRPL24/MRPS33/RPS4X/RPS13/MRPS30/DDX3X/RPL41/RACK1/MRPL42/RPS14/RPL23/RPS27/RPS9/RPL12/RPS11/RPL18/RPL3/MRPS18B/RPS21/MRPS35/RPS3/RPS20/RPL5",60
"GO:0005840","ribosome","69/1519","244/19880",0.282786885245902,3.70098965022286,12.2101025071729,2.90855991292248e-22,4.05453251861393e-20,2.68812168794309e-20,"RPS7/SRP68/RPL7A/RPL39/CALR/RPS28/UBA52/RPS17/RPL28/LARP4/EIF4G1/RPL13A/RPLP0/RPS6/RPS26/RPS27A/DHX29/RPL4/RPL7L1/MRPL18/RPSA/DAP3/MRPS11/RPL9/RPL37/RPS15/RPS5/RPL38/RRBP1/RPLP1/RPS18/RPS10/RPL14/RNF10/MRPL2/EEF1A1/EIF2AK4/RPL10A/RPL37A/NEMF/RPL15/RPS24/RPS3A/MRPS9/RPS12/MRPL24/MRPS33/RPS4X/GCN1/RPS13/MRPS30/DDX3X/RPL41/RACK1/MRPL42/RPS14/RPL23/RPS27/RPS9/RPL12/RPS11/RPL18/RPL3/MRPS18B/RPS21/MRPS35/RPS3/RPS20/RPL5",69
"GO:0022627","cytosolic small ribosomal subunit","27/1519","42/19880",0.642857142857143,8.41342988808427,13.8332069861294,1.80245428733028e-20,2.093851063782e-18,1.38820602129472e-18,"RPS7/RPS28/RPS17/LARP4/RPS6/RPS26/RPS27A/DHX29/RPSA/RPS15/RPS5/RPS18/RPS10/RPS24/RPS3A/RPS12/RPS4X/RPS13/DDX3X/RACK1/RPS14/RPS27/RPS9/RPS11/RPS21/RPS3/RPS20",27
"GO:0015935","small ribosomal subunit","34/1519","74/19880",0.459459459459459,6.0132021422344,12.426839167272,5.06705113914099e-19,5.04533520568753e-17,3.34501571441037e-17,"RPS7/RPS28/RPS17/LARP4/RPS6/RPS26/RPS27A/DHX29/RPSA/DAP3/MRPS11/RPS15/RPS5/RPS18/RPS10/RPS24/RPS3A/MRPS9/RPS12/MRPS33/RPS4X/RPS13/DDX3X/RACK1/MRPL42/RPS14/RPS27/RPS9/RPS11/MRPS18B/RPS21/MRPS35/RPS3/RPS20",34
"GO:0071013","catalytic step 2 spliceosome","36/1519","90/19880",0.4,5.23502304147465,11.5819616784974,1.24047218404081e-17,1.08076139034556e-15,7.16535906307785e-16,"CWC22/PPIL2/CDC5L/LSM3/ALYREF/HNRNPH1/PRPF19/SNRPD2/PLRG1/AQR/HNRNPA1/PPIL3/HNRNPC/SF3B2/PRPF8/DDX5/ESS2/RALY/HNRNPA2B1/SNRNP200/HNRNPM/SNRPN/PABPC1/SF3B1/SNRPD1/U2AF1/EFTUD2/PRPF6/HNRNPR/SNRPG/LSM2/SNRNP40/HNRNPU/HNRNPK/EIF4A3/SF3A1",36
"GO:0005681","spliceosomal complex","56/1519","208/19880",0.269230769230769,3.52357320099256,10.5232843316172,3.01602386840238e-17,2.33574292919607e-15,1.54857833710953e-15,"CWC22/PPIL2/CDC5L/LUC7L2/LSM3/SUGP1/ALYREF/ADAR/HNRNPH1/PRPF19/SNRPD2/PLRG1/AQR/YBX1/DDX39B/HNRNPA1/TRA2B/PPIL3/HNRNPC/SF3B2/CTNNBL1/PRPF8/DDX5/ESS2/RALY/HNRNPA2B1/SNRNP200/HNRNPM/RBM5/PRPF40A/SNRPN/PABPC1/SF3B1/RHEB/SMU1/NCL/SNU13/TRA2A/U2AF2/SNRPD1/U2AF1/SNRNP70/EFTUD2/LUC7L3/IK/HNRNPH3/PRPF6/HNRNPR/SNRPG/LSM2/SNRNP40/HNRNPU/CASC3/HNRNPK/EIF4A3/SF3A1",56
"GO:0035770","ribonucleoprotein granule","65/1519","278/19880",0.233812949640288,3.06004044690515,9.94892006265606,1.98557764651337e-16,1.38394761961982e-14,9.17545880862496e-15,"NXF1/HNRNPL/SMN1/ATXN2L/HELZ2/DCP2/BTBD1/SMN2/VCP/LSM3/DCP1A/RPL28/LARP4/EIF4G1/RPLP0/CLOCK/RPS6/SUMO1/PSMA2/FXR2/DDX19A/YBX1/CNOT3/G3BP1/LARP1/SSB/PAN3/NBDY/RBPMS2/LSM14A/DHX30/PQBP1/CSDE1/RC3H1/PABPC1/KPNB1/CAPRIN1/GIGYF2/HAX1/EIF4A1/EDC4/YTHDF1/DAZAP2/CNOT1/RPS4X/SARNP/NCL/TUBB/DDX3X/CDC42/IGF2BP1/EDC3/TUBA1A/UBAP2L/SNRPG/DHX9/RC3H2/LSM2/PSMC3/NFKBIZ/TIAL1/HNRNPU/CASC3/HNRNPK/RAC1",65
"GO:0036464","cytoplasmic ribonucleoprotein granule","62/1519","261/19880",0.237547892720307,3.10892172961138,9.86439081686813,4.4254976741037e-16,2.80415625350025e-14,1.85913251572395e-14,"NXF1/SMN1/ATXN2L/HELZ2/DCP2/BTBD1/SMN2/VCP/LSM3/DCP1A/RPL28/LARP4/EIF4G1/RPLP0/CLOCK/RPS6/PSMA2/FXR2/DDX19A/YBX1/CNOT3/G3BP1/LARP1/SSB/PAN3/NBDY/RBPMS2/LSM14A/PQBP1/CSDE1/RC3H1/PABPC1/KPNB1/CAPRIN1/GIGYF2/HAX1/EIF4A1/EDC4/YTHDF1/DAZAP2/CNOT1/RPS4X/SARNP/NCL/TUBB/DDX3X/CDC42/IGF2BP1/EDC3/TUBA1A/UBAP2L/SNRPG/DHX9/RC3H2/LSM2/PSMC3/NFKBIZ/TIAL1/HNRNPU/CASC3/HNRNPK/RAC1",62
"GO:0016607","nuclear speck","82/1519","415/19880",0.197590361445783,2.58597523735495,9.39120314357752,9.34082759203965e-16,5.42546402637636e-14,3.59703799377667e-14,"NXF1/CWC22/DDX39A/ATXN2L/SAP18/CDC5L/LUC7L2/CDYL/ALYREF/CSNK1A1/PRPF19/SUMO1/MORF4L1/SRSF4/ATP6V0A1/NONO/PLRG1/AKAP8L/HSPA1B/DDX39B/RNPS1/DUSP11/SF3B2/SNURF/PRPF8/DDX5/BCLAF1/SON/RNF34/AK6/NRIP1/PQBP1/BAZ2A/PRPF40A/CDC34/PRKACA/CHTOP/ITPKC/SF3B1/SMC6/PIAS1/TRIP12/MSL1/SMU1/PARN/DAZAP2/HEATR5B/PIP5K1A/YTHDC1/COPS4/SARNP/ZNF106/RBM10/RBM25/PIAS2/DDX17/U2AF2/RING1/ACIN1/U2AF1/SNRNP70/PABPN1/EFTUD2/LUC7L3/IK/HIKESHI/PRPF6/ZNF217/RREB1/RBBP6/PSPC1/YLPM1/POMP/CLK2/NFKBIZ/SNRNP40/ABHD17A/HNRNPU/CASC3/EIF4A3/SF3A1/BRD2",82
"GO:0010494","cytoplasmic stress granule","30/1519","96/19880",0.3125,4.08986175115207,8.72862029645665,1.14374565321693e-11,6.13223630993998e-10,4.06562220050389e-10,"NXF1/ATXN2L/VCP/LARP4/EIF4G1/FXR2/DDX19A/YBX1/G3BP1/LARP1/SSB/RBPMS2/LSM14A/PQBP1/CSDE1/RC3H1/PABPC1/KPNB1/CAPRIN1/GIGYF2/EIF4A1/YTHDF1/DAZAP2/DDX3X/IGF2BP1/UBAP2L/RC3H2/TIAL1/CASC3/HNRNPK",30
"GO:0005684","U2-type spliceosomal complex","29/1519","95/19880",0.305263157894737,3.99514916323066,8.41666844807308,4.7791142006083e-11,2.37931614130285e-09,1.57746701809552e-09,"CWC22/CDC5L/LUC7L2/LSM3/PRPF19/SNRPD2/PLRG1/AQR/SF3B2/PRPF8/SNRNP200/PRPF40A/SNRPN/SF3B1/SMU1/SNU13/U2AF2/SNRPD1/SNRNP70/EFTUD2/LUC7L3/IK/PRPF6/SNRPG/LSM2/SNRNP40/CASC3/EIF4A3/SF3A1",29
"GO:0022625","cytosolic large ribosomal subunit","22/1519","57/19880",0.385964912280702,5.05133802247554,8.81006689021737,5.95888903360584e-11,2.76889710428218e-09,1.83575599000208e-09,"RPL7A/RPL39/UBA52/RPL28/RPL13A/RPLP0/RPL4/RPL7L1/RPL9/RPL37/RPL38/RPLP1/RPL14/RPL10A/RPL37A/RPL15/RPL41/RPL23/RPL12/RPL18/RPL3/RPL5",22
"GO:0032040","small-subunit processome","25/1519","74/19880",0.337837837837838,4.42147216340765,8.48122279605794,8.88301979313631e-11,3.869665497385e-09,2.56555637446503e-09,"RPS7/DCAF13/RPS28/RPS17/RPS6/RPS27A/WDR75/RRP7A/RPS5/PRKDC/XRCC5/RPS24/BMS1/RPS3A/NAT10/RPS12/PDCD11/RPS4X/RPS13/SNU13/RPS14/RPS27/WDR46/RPS9/RPS11",25
"GO:0098687","chromosomal region","70/1519","408/19880",0.17156862745098,2.24541429475016,7.31082916667012,1.16368220038535e-10,4.77109702157993e-09,3.16319805553665e-09,"CLASP1/AURKA/KAT8/RBBP4/NCAPD3/CDCA8/KDM4A/ALYREF/CSNK1A1/DAPK3/CLASP2/CHMP6/MACROH2A1/FEN1/SMARCA5/DCTN5/NBN/BAZ1B/GTF2B/ERCC1/PPP2CB/WRAP53/CCNB1/PPP1R10/EID3/ORC1/NUP98/SSB/PRKDC/NLRP2/PPP2R5A/BUB1/NUP107/HNRNPA2B1/SETX/XPO1/SMARCC1/CHD4/SEPTIN6/XRCC5/SKA2/CENPS/SMC6/CDC20/CENPH/DAXX/NAT10/KNL1/SEPTIN7/STAG1/SMARCD1/SEC13/CBX3/PPP2R1A/DDB1/PARP1/PTGES3/SEPTIN2/SLF2/NCAPD2/TNKS2/ACTL6A/CENPI/FLYWCH1/DCTN1/PPP1R12A/THOC5/KIF2C/HNRNPU/SUN1",70
"GO:0042470","melanosome","29/1519","111/19880",0.261261261261261,3.41927180636858,7.35159868612928,2.81326519821084e-09,1.03202412797524e-07,6.84223502501142e-08,"PDCD6IP/HPS4/ERP29/HSP90AB1/BSG/CTSD/ATP6V0A1/CCT4/RAB5A/SGSM2/ANXA11/RPN1/ATP6V1B2/SLC1A5/CANX/DNAJC5/YWHAE/YWHAZ/CD63/FLOT1/PDIA4/ITGB1/TFRC/ANXA2/SDCBP/PDIA6/GANAB/CALU/RAC1",29
"GO:0048770","pigment granule","29/1519","111/19880",0.261261261261261,3.41927180636858,7.35159868612928,2.81326519821084e-09,1.03202412797524e-07,6.84223502501142e-08,"PDCD6IP/HPS4/ERP29/HSP90AB1/BSG/CTSD/ATP6V0A1/CCT4/RAB5A/SGSM2/ANXA11/RPN1/ATP6V1B2/SLC1A5/CANX/DNAJC5/YWHAE/YWHAZ/CD63/FLOT1/PDIA4/ITGB1/TFRC/ANXA2/SDCBP/PDIA6/GANAB/CALU/RAC1",29
"GO:0005635","nuclear envelope","76/1519","496/19880",0.153225806451613,2.00535156830682,6.52176410157323,3.92703044332983e-09,1.36857010950045e-07,9.07350718221999e-08,"NXF1/MTOR/CLIC1/CALR/IPO7/NXT2/FAF1/XPOT/CHMP6/VPS4A/TMEM109/SUMO1/LRPPRC/MATR3/DCTN5/PLRG1/GTPBP4/NUDT9/CCNI/BAX/MTMR6/CTDNEP1/PAK1/TRA2B/TOR1AIP2/FZR1/NUP98/ANXA11/DMPK/EIF5A/EMD/NUP107/IPO9/XPO1/TRIM27/NDC1/C12orf43/KPNB1/ANKRD17/SURF4/PCYT1A/TOR1AIP1/HAX1/MINDY3/ABCF1/RRM1/TMPO/CANX/CC2D1B/NUP214/GAPDH/LEMD3/EI24/LPIN1/ENO1/TUBB/IPO5/SEC13/CBX3/SIGMAR1/OSBPL6/IFI27/PARP1/ATF6/VAPA/PCM1/NUP205/TNKS2/TRAPPC2B/WDFY3/NUP153/SDCBP/DCTN1/DNAJC1/CASC3/SUN1",76
"GO:0005938","cell cortex","56/1519","325/19880",0.172307692307692,2.25508684863524,6.56167230665588,7.19041853917446e-09,2.38653415324028e-07,1.58225250060029e-07,"FLNA/EZR/CLASP1/MYO1C/CLASP2/ASPH/PTK2/FERMT2/ITCH/VCL/PHLDB1/TBCB/PFN4/ERC1/SPTBN1/EXOC6/DSTN/EMD/DBN1/TPM4/AKAP13/EEF1A1/SEPTIN6/MAPRE1/OSBPL2/CAPZA1/RIC8A/CTBP1/ACTN4/HAX1/WDR1/SEPTIN7/FLNB/CORO1C/CTNNB1/NDFIP1/PPFIBP1/MYO9B/NCL/ENO1/CAPZB/AKT2/FLOT1/RDX/SPTAN1/SEPTIN2/TRAK1/PDE4DIP/NRBP1/FNBP1/CAPN2/DCTN1/ACTN1/STXBP1/STIM1/RAC1",56
"GO:0015934","large ribosomal subunit","27/1519","114/19880",0.236842105263158,3.09968469560999,6.46658665018645,9.17293610827232e-08,2.90615293975719e-06,1.9267554792017e-06,"RPL7A/RPL39/UBA52/RPL28/RPL13A/RPLP0/RPL4/RPL7L1/MRPL18/RPL9/RPL37/RPL38/RPLP1/RPL14/MRPL2/RPL10A/RPL37A/RPL15/MRPL24/MRPS30/RPL41/MRPL42/RPL23/RPL12/RPL18/RPL3/RPL5",27
"GO:0000775","chromosome, centromeric region","46/1519","265/19880",0.173584905660377,2.2718024519607,5.99482385983791,1.24475352648988e-07,3.77214438244977e-06,2.50090067793619e-06,"CLASP1/AURKA/KAT8/NCAPD3/CDCA8/KDM4A/CSNK1A1/DAPK3/CLASP2/CHMP6/MACROH2A1/SMARCA5/DCTN5/BAZ1B/GTF2B/PPP2CB/CCNB1/NUP98/PPP2R5A/BUB1/NUP107/XPO1/SMARCC1/SEPTIN6/SKA2/CENPS/SMC6/CDC20/CENPH/DAXX/KNL1/SEPTIN7/STAG1/SMARCD1/SEC13/CBX3/PPP2R1A/SEPTIN2/NCAPD2/ACTL6A/CENPI/FLYWCH1/DCTN1/PPP1R12A/KIF2C/HNRNPU",46
"GO:0101002","ficolin-1-rich granule","36/1519","185/19880",0.194594594594595,2.5467679661228,6.07940434133829,1.63187186999854e-07,4.73922788912077e-06,3.14206908302351e-06,"ATP6AP2/HSP90AB1/PSMD7/VCP/ALDOA/ALDOC/SLC2A3/PGAM1/VPS35L/VCL/CTSD/GNS/PSMA2/PDAP1/ALAD/ATP6V0A1/AP2A2/HSPA1B/CSNK2B/LAMTOR1/EEF1A1/KPNB1/CCT8/ASAH1/PNP/GLB1/GSTP1/PPIA/DDX3X/HUWE1/PSMD2/PKM/UBR4/PSMC3/DIAPH1/RAC1",36
"GO:0030684","preribosome","25/1519","106/19880",0.235849056603774,3.08668811407704,6.1957116658096,2.96417340760012e-07,8.26411546038913e-06,5.47904053025875e-06,"RPS7/DCAF13/RPS28/RPS17/RPS6/RPS27A/WDR75/RRP7A/RPS5/PRKDC/XRCC5/RPS24/BMS1/RPS3A/NAT10/RPS12/PDCD11/RPS4X/RPS13/SNU13/RPS14/RPS27/WDR46/RPS9/RPS11",25
"GO:0031965","nuclear membrane","50/1519","312/19880",0.16025641025641,2.09736500059081,5.61931231450378,4.59632247633021e-07,1.23216798692391e-05,8.16917233647354e-06,"CLIC1/TMEM109/SUMO1/LRPPRC/MATR3/DCTN5/PLRG1/GTPBP4/NUDT9/CCNI/CTDNEP1/PAK1/TRA2B/TOR1AIP2/FZR1/NUP98/DMPK/EMD/NUP107/XPO1/TRIM27/NDC1/KPNB1/ANKRD17/SURF4/TOR1AIP1/HAX1/MINDY3/TMPO/CANX/GAPDH/LEMD3/EI24/LPIN1/ENO1/IPO5/CBX3/SIGMAR1/OSBPL6/IFI27/VAPA/PCM1/NUP205/TRAPPC2B/WDFY3/NUP153/SDCBP/DNAJC1/CASC3/SUN1",50
"GO:0071005","U2-type precatalytic spliceosome","16/1519","50/19880",0.32,4.18801843317972,6.49190950650989,5.06317445764007e-07,1.30704910999079e-05,8.66562801911887e-06,"CWC22/LSM3/SNRPD2/SF3B2/PRPF8/SNRNP200/SF3B1/SMU1/SNU13/SNRPD1/EFTUD2/IK/PRPF6/SNRPG/LSM2/SF3A1",16
"GO:1904813","ficolin-1-rich granule lumen","27/1519","124/19880",0.217741935483871,2.84971012338338,5.94282574037447,5.6418354111797e-07,1.40441402914009e-05,9.31114941920259e-06,"HSP90AB1/PSMD7/VCP/ALDOA/ALDOC/PGAM1/VCL/CTSD/GNS/PSMA2/PDAP1/ALAD/HSPA1B/CSNK2B/EEF1A1/KPNB1/CCT8/ASAH1/PNP/GLB1/GSTP1/PPIA/DDX3X/HUWE1/PSMD2/PKM/PSMC3",27
"GO:0000792","heterochromatin","21/1519","82/19880",0.25609756097561,3.35169158143194,6.1376853324062,6.05517239976262e-07,1.45532936642571e-05,9.64871391468527e-06,"TNKS1BP1/NCAPD3/H1-4/KDM4A/HMGA1/PCGF2/MORC2/MACROH2A1/SMARCA5/BAZ1B/UBA1/BAZ2A/CBX2/H2AZ1/UHRF1/SUZ12/CBX3/RING1/TRIM28/PSIP1/FLYWCH1",21
"GO:0000502","proteasome complex","18/1519","64/19880",0.28125,3.68087557603687,6.17855101348472,8.61125863997487e-07,2.00068242402083e-05,1.32643597998209e-05,"PSMD7/VCP/PSMB4/PSMD9/PSMD4/PSMD10/PSMA2/PSMB3/PSMB2/ADRM1/UBR1/PSMD8/PSMC6/UBE3C/PSMA1/PSMD2/PSME2/PSMC3",18
"GO:0071011","precatalytic spliceosome","16/1519","52/19880",0.307692307692308,4.02694080113435,6.28628595447381,9.20554778966529e-07,2.06976348690216e-05,1.37223615608253e-05,"CWC22/LSM3/SNRPD2/SF3B2/PRPF8/SNRNP200/SF3B1/SMU1/SNU13/SNRPD1/EFTUD2/IK/PRPF6/SNRPG/LSM2/SF3A1",16
"GO:0034399","nuclear periphery","30/1519","155/19880",0.193548387096774,2.53307566522967,5.51123489703028,1.91933983318623e-06,4.18056207415876e-05,2.77167824594985e-05,"KAT8/GMCL1/XPOT/MORC2/MATR3/NONO/AKAP8L/NUP98/ARFGEF1/CFL1/NUP107/HNRNPA2B1/DCAF7/HNRNPM/SMARCC1/PRPF40A/PIAS1/UHRF1/STAG1/SMARCD1/PSIP1/NUP205/ACTL6A/RNF220/NUP153/PSPC1/ANXA2/PHB2/HNRNPU/VIM",30
"GO:0031519","PcG protein complex","15/1519","49/19880",0.306122448979592,4.00639518480203,6.0603790525033,2.16187552394361e-06,4.3292848716879e-05,2.87028023660951e-05,"RBBP4/CSNK2A2/PCGF2/TRIM37/PHF19/CSNK2B/MTF2/CBX2/SKP1/PCGF3/EED/SUZ12/RING1/PHC3/UBAP2L",15
"GO:0016282","eukaryotic 43S preinitiation complex","9/1519","18/19880",0.5,6.54377880184332,6.7679734407334,2.23607253057051e-06,4.3292848716879e-05,2.87028023660951e-05,"DHX29/EIF1AX/EIF3D/EIF1B/EIF3F/EIF3I/EIF3CL/EIF3C/EIF3G",9
"GO:0071004","U2-type prespliceosome","9/1519","18/19880",0.5,6.54377880184332,6.7679734407334,2.23607253057051e-06,4.3292848716879e-05,2.87028023660951e-05,"LUC7L2/PRPF40A/SNRPN/SF3B1/U2AF2/SNRNP70/LUC7L3/SNRPG/SF3A1",9
"GO:0071010","prespliceosome","9/1519","18/19880",0.5,6.54377880184332,6.7679734407334,2.23607253057051e-06,4.3292848716879e-05,2.87028023660951e-05,"LUC7L2/PRPF40A/SNRPN/SF3B1/U2AF2/SNRNP70/LUC7L3/SNRPG/SF3A1",9
"GO:0120114","Sm-like protein family complex","25/1519","119/19880",0.210084033613445,2.74948689153081,5.50563863484273,2.92123822457799e-06,5.50298119602934e-05,3.64843123923111e-05,"SMN1/SMN2/LUC7L2/LSM3/SNRPD2/U2SURP/DDX39B/SF3B2/PRPF8/ARFGEF1/SNRNP200/PRPF40A/SNRPN/SF3B1/SNU13/RBM42/SNRPD1/SNRNP70/EFTUD2/LUC7L3/PRPF6/SNRPG/LSM2/SNRNP40/SF3A1",25
"GO:0097525","spliceosomal snRNP complex","22/1519","97/19880",0.22680412371134,2.96831203382583,5.58935543363572,3.01709291351112e-06,5.53398358083488e-05,3.66898556518389e-05,"LUC7L2/LSM3/SNRPD2/U2SURP/DDX39B/SF3B2/PRPF8/SNRNP200/PRPF40A/SNRPN/SF3B1/SNU13/RBM42/SNRPD1/SNRNP70/EFTUD2/LUC7L3/PRPF6/SNRPG/LSM2/SNRNP40/SF3A1",22
"GO:1904949","ATPase complex","26/1519","127/19880",0.204724409448819,2.67934250154215,5.46075379844198,3.09870021839902e-06,5.53793346724133e-05,3.67160430736078e-05,"DDX21/ATP6AP2/RBBP4/BPTF/MYO1C/VCP/ATP6V1A/VPS4A/SMARCA5/BAZ1B/ATP6V0A1/CHD3/YY1AP1/ATP6V1B2/BAZ2A/SMARCC1/CHD4/ANP32E/SF3B1/SUZ12/SMARCD1/ATP6V0B/DPF2/ACTL6A/BCL7A/ACTR6",26
"GO:1905369","endopeptidase complex","22/1519","98/19880",0.224489795918367,2.93802313552149,5.53177980875296,3.6128933158932e-06,6.2954666029439e-05,4.17384254125556e-05,"PSMD7/VCP/PSMB4/PSMD9/PSMD4/PSMD10/PSMA2/PSMB3/CAPNS1/PSMB2/ADRM1/UBR1/PSMD8/PSMC6/UBE3C/PSMA1/SPCS2/PSMD2/PSME2/SEC11A/CAPN2/PSMC3",22
"GO:0070993","translation preinitiation complex","9/1519","19/19880",0.473684210526316,6.19936939121998,6.52161123865622,3.95988407899754e-06,6.67814596042771e-05,4.42755580552407e-05,"DHX29/EIF1AX/EIF3D/EIF1B/EIF3F/EIF3I/EIF3CL/EIF3C/EIF3G",9
"GO:0090575","RNA polymerase II transcription regulator complex","41/1519","254/19880",0.161417322834646,2.11255851083131,5.13277007053033,4.02413386424625e-06,6.67814596042771e-05,4.42755580552407e-05,"CREB3/CDK7/ATF3/TAF1/CLOCK/TCF3/HMGA1/ATF1/TAF9/GTF2B/TEAD1/MED14/NONO/TAF13/MED24/TBPL1/STAT1/E2F5/MED31/CHD4/MED6/TCEA1/HOXB9/CTNNB1/RFXANK/MED1/TFDP2/CBX3/CEBPZ/TADA3/TRIM28/TEAD2/ATF6/NCOA1/TAF2/STAT3/NFYC/ANXA2/USP22/CREB1/HNRNPU",41
"GO:0000779","condensed chromosome, centromeric region","33/1519","186/19880",0.17741935483871,2.32198602646053,5.21007959880851,4.45517801415477e-06,7.2215327345718e-05,4.78781676429362e-05,"CLASP1/AURKA/KAT8/NCAPD3/CSNK1A1/CLASP2/CHMP6/DCTN5/GTF2B/CCNB1/NUP98/BUB1/NUP107/XPO1/SMARCC1/SEPTIN6/SKA2/CENPS/CDC20/CENPH/KNL1/SEPTIN7/SMARCD1/SEC13/CBX3/SEPTIN2/NCAPD2/ACTL6A/CENPI/DCTN1/PPP1R12A/KIF2C/HNRNPU",33
"GO:0030532","small nuclear ribonucleoprotein complex","23/1519","107/19880",0.214953271028037,2.8132133166803,5.40919320882212,4.79099907505904e-06,7.58937808026398e-05,5.03169520083952e-05,"LUC7L2/LSM3/SNRPD2/U2SURP/DDX39B/SF3B2/PRPF8/ARFGEF1/SNRNP200/PRPF40A/SNRPN/SF3B1/SNU13/RBM42/SNRPD1/SNRNP70/EFTUD2/LUC7L3/PRPF6/SNRPG/LSM2/SNRNP40/SF3A1",23
"GO:0000932","P-body","22/1519","100/19880",0.22,2.87926267281106,5.41879014692471,5.13609012566236e-06,7.95523292797037e-05,5.27425395360416e-05,"DCP2/BTBD1/LSM3/DCP1A/PSMA2/YBX1/CNOT3/PAN3/NBDY/LSM14A/CSDE1/RC3H1/CAPRIN1/HAX1/EDC4/YTHDF1/CNOT1/IGF2BP1/EDC3/RC3H2/LSM2/PSMC3",22
"GO:0031252","cell leading edge","60/1519","434/19880",0.138248847926267,1.80933976087834,4.90330139606117,5.42032113698213e-06,8.21296485320988e-05,5.44512809870745e-05,"PRKCI/EZR/ARPC2/ATP6AP2/MYO1C/NCKAP1/VASP/EPB41L5/ITGA5/GNAS/CLASP2/FERMT2/SLC39A6/ARF4/MTMR6/MTMR14/PAK1/RAB5A/SPTBN1/CTNNA1/CFL1/ATP6V1B2/TMEM87A/AIF1L/EEF1A1/PABPC1/CAPRIN1/HAX1/ARHGEF2/CORO1C/CTNNB1/MYO9B/PIP5K1A/CDK5/DDX3X/CDC42/CAPZB/AKT2/IGF2BP1/FLOT1/ABI1/SRC/RDX/CYFIP1/PTPN13/SNX5/ITGB1/ALS2/NRBP1/RPS3/CASP8/DCTN1/CDC42BPB/ARPC3/ACTN1/CADM4/VIM/DIAPH1/ITGAV/RAC1",60
"GO:0071007","U2-type catalytic step 2 spliceosome","11/1519","30/19880",0.366666666666667,4.79877112135177,5.98896104292732,7.00152346991661e-06,0.000103831103373019,6.88391669270637e-05,"CWC22/CDC5L/PRPF19/SNRPD2/PLRG1/AQR/PRPF8/SNRPD1/EFTUD2/SNRPG/SNRNP40",11
"GO:0022624","proteasome accessory complex","10/1519","25/19880",0.4,5.23502304147465,6.09422977437972,7.41118670552448e-06,0.000107616606953137,7.13489246430975e-05,"PSMD7/PSMD9/PSMD4/PSMD10/ADRM1/PSMD8/PSMC6/PSMD2/PSME2/PSMC3",10
"GO:0000346","transcription export complex","7/1519","12/19880",0.583333333333333,7.63440860215054,6.61216604909411,8.43149808095006e-06,0.000119933758416779,7.95150946839329e-05,"NXF1/ALYREF/DDX39B/ZC3H11A/CHTOP/SARNP/THOC5",7
"GO:0001726","ruffle","32/1519","185/19880",0.172972972972973,2.26379374766472,4.96720475493676,1.06469575152253e-05,0.000148418587762241,9.84003020880827e-05,"EZR/MYO1C/NCKAP1/EPB41L5/ITGA5/GNAS/CLASP2/ARF4/MTMR6/MTMR14/PAK1/RAB5A/CFL1/ATP6V1B2/TMEM87A/AIF1L/EEF1A1/ARHGEF2/CORO1C/MYO9B/PIP5K1A/AKT2/SRC/CYFIP1/SNX5/ITGB1/ALS2/RPS3/ACTN1/DIAPH1/ITGAV/RAC1",32
"GO:1905368","peptidase complex","25/1519","129/19880",0.193798449612403,2.53634837280749,5.03521482113165,1.30958693890173e-05,0.000178976881649903,0.000118660199417515,"PSMD7/VCP/PSMB4/PSMD9/PSMD4/PSMD10/PSMA2/TAF9/PSMB3/CAPNS1/PSMB2/ADRM1/UBR1/PSMD8/PSMC6/UBE3C/PSMA1/SPCS2/PSMD2/TADA3/PSME2/SEC11A/CAPN2/PSMC3/USP22",25
"GO:0000793","condensed chromosome","43/1519","285/19880",0.150877192982456,1.97461395424044,4.76661867069348,1.36286369779376e-05,0.000182676153338894,0.000121112786099486,"CLASP1/AURKA/TOP3B/KAT8/NCAPD3/CSNK1A1/CLASP2/CHMP6/LRPPRC/MACROH2A1/SMARCA5/DCTN5/BAZ1B/GTF2B/CCNB1/EID3/NUP98/BUB1/NUP107/XPO1/SMARCC1/SEPTIN6/SKA2/CENPS/SMC6/CDC20/CENPH/KNL1/SEPTIN7/SMARCD1/SEC13/CBX3/SEPTIN2/SLF2/TUBA1A/NCAPD2/ACTL6A/CENPI/DCTN1/PPP1R12A/KIF2C/HNRNPU/BRCA1",43
"GO:0005838","proteasome regulatory particle","9/1519","22/19880",0.409090909090909,5.35400083787181,5.87705945147744,1.72709080464866e-05,0.000227128734120777,0.000150584481279198,"PSMD7/PSMD9/PSMD4/PSMD10/ADRM1/PSMD8/PSMC6/PSMD2/PSMC3",9
"GO:0046540","U4/U6 x U5 tri-snRNP complex","13/1519","45/19880",0.288888888888889,3.78084997439836,5.37150151395053,2.06708086037184e-05,0.000263292105571955,0.000174560498899174,"LSM3/SNRPD2/PRPF8/SNRNP200/SNRPN/SNU13/RBM42/SNRPD1/EFTUD2/PRPF6/SNRPG/LSM2/SNRNP40",13
"GO:0032587","ruffle membrane","21/1519","101/19880",0.207920792079208,2.72117534334079,4.98782980597535,2.09220643769754e-05,0.000263292105571955,0.000174560498899174,"EZR/MYO1C/EPB41L5/ITGA5/CLASP2/ARF4/MTMR6/PAK1/CFL1/AIF1L/EEF1A1/ARHGEF2/CORO1C/PIP5K1A/AKT2/SRC/ITGB1/RPS3/DIAPH1/ITGAV/RAC1",21
"GO:0000776","kinetochore","30/1519","174/19880",0.172413793103448,2.25647544891149,4.78803570625232,2.11540285681915e-05,0.000263292105571955,0.000174560498899174,"CLASP1/AURKA/KAT8/CSNK1A1/CLASP2/CHMP6/DCTN5/GTF2B/CCNB1/NUP98/BUB1/NUP107/XPO1/SMARCC1/SEPTIN6/SKA2/CENPS/CDC20/CENPH/KNL1/SEPTIN7/SMARCD1/SEC13/SEPTIN2/ACTL6A/CENPI/DCTN1/PPP1R12A/KIF2C/HNRNPU",30
"GO:0030863","cortical cytoskeleton","22/1519","109/19880",0.201834862385321,2.64152538790006,4.9428169049193,2.19510401520616e-05,0.000268418859403279,0.000177959494492244,"FLNA/EZR/CLASP1/CLASP2/VCL/SPTBN1/DSTN/DBN1/TPM4/AKAP13/EEF1A1/MAPRE1/CAPZA1/ACTN4/WDR1/CAPZB/FLOT1/RDX/SPTAN1/PDE4DIP/CAPN2/ACTN1",22
"GO:0005819","spindle","58/1519","435/19880",0.133333333333333,1.74500768049155,4.5188652723311,2.29422766051825e-05,0.000275702875755383,0.000182788737380674,"CLASP1/AURKA/PARP4/HAUS6/CDCA8/CSNK1A1/DAPK3/CLASP2/CHMP6/VPS4A/PRPF19/TBL1XR1/WDR62/PPP2CB/NUDC/CCNB1/NPM1/CALM3/TPT1/ANXA11/HAUS1/EMD/LSM14A/SEPTIN6/SKA2/MAPRE1/SMC6/CDC20/TUBB6/UHRF1/NEK7/TUBGCP5/SEPTIN7/ARHGEF2/LATS2/EML3/STAG1/CTNNB1/SAC3D1/BIRC6/TFDP2/TUBB/CBX3/CDC42/TADA3/TAF1D/SEPTIN2/MAP7D1/IK/TRAPPC14/NUSAP1/RPS3/RTRAF/DCTN1/ANAPC5/KIF2C/HNRNPU/DIAPH1",58
"GO:0097526","spliceosomal tri-snRNP complex","13/1519","46/19880",0.282608695652174,3.69865758365057,5.2704722729826,2.68117492385377e-05,0.000316742190156963,0.000209997465044033,"LSM3/SNRPD2/PRPF8/SNRNP200/SNRPN/SNU13/RBM42/SNRPD1/EFTUD2/PRPF6/SNRPG/LSM2/SNRNP40",13
"GO:0031968","organelle outer membrane","39/1519","257/19880",0.151750972762646,1.98604959744661,4.57625913013168,2.94775853436829e-05,0.000342431283075783,0.000227029122208365,"TIGAR/MTOR/UBA52/KRAS/MIEF1/TMEM109/LRPPRC/RPS27A/VDAC3/MYO19/MFN2/MFF/BAX/HADHB/ATAD1/HSPA9/CHCHD3/DMPK/MIGA1/EMD/SLC44A1/DELE1/HK1/HAX1/MTCH2/FIS1/UBC/APOO/VDAC2/LPIN1/ENO1/SIGMAR1/IFI27/TRAPPC2B/PI4KB/HK2/CASP8/MFN1/PHB2",39
"GO:0019867","outer membrane","39/1519","259/19880",0.150579150579151,1.97071330711884,4.52280938705026,3.51922831686874e-05,0.00040211510440287,0.00026659900450481,"TIGAR/MTOR/UBA52/KRAS/MIEF1/TMEM109/LRPPRC/RPS27A/VDAC3/MYO19/MFN2/MFF/BAX/HADHB/ATAD1/HSPA9/CHCHD3/DMPK/MIGA1/EMD/SLC44A1/DELE1/HK1/HAX1/MTCH2/FIS1/UBC/APOO/VDAC2/LPIN1/ENO1/SIGMAR1/IFI27/TRAPPC2B/PI4KB/HK2/CASP8/MFN1/PHB2",39
"GO:0043596","nuclear replication fork","12/1519","41/19880",0.292682926829268,3.83050466449365,5.21823824002927,3.71054282969091e-05,0.000417136831015252,0.000276558285608542,"CDC5L/PRIM2/PRPF19/SMARCA5/BAZ1B/PLRG1/WDHD1/MUS81/CARM1/PARP1/MMS22L/ERCC5",12
"GO:0101031","protein folding chaperone complex","12/1519","42/19880",0.285714285714286,3.7393021724819,5.11144430062025,4.83597249515499e-05,0.000535027433194131,0.000354718784523482,"PFDN6/HSP90AB1/CCT6A/DNAJB11/CCT4/CCT7/CCT3/CCT8/CCDC47/CCT2/PTGES3/STIP1",12
"GO:0005832","chaperonin-containing T-complex","6/1519","11/19880",0.545454545454545,7.13866778382907,5.85747517670609,6.50767487401024e-05,0.000708726466747678,0.000469879814093832,"CCT6A/CCT4/CCT7/CCT3/CCT8/CCT2",6
"GO:0034708","methyltransferase complex","20/1519","101/19880",0.198019801980198,2.59159556508646,4.61231787296446,6.77920069959449e-05,0.000726938905787286,0.000481954511274815,"KAT8/RBBP4/TAF1/RBBP5/SNRPD2/TAF9/TRIM37/PHF19/KMT2A/MTF2/CHD8/EED/SUZ12/ERH/SNRPD1/HDAC9/HSD17B10/SNRPG/WDR4/METTL14",20
"GO:0030027","lamellipodium","32/1519","203/19880",0.157635467980296,2.06306326757622,4.37880571972406,7.08225002814104e-05,0.000747928525699137,0.000495870456515776,"ARPC2/NCKAP1/VASP/FERMT2/SLC39A6/PAK1/CTNNA1/CFL1/PABPC1/CAPRIN1/HAX1/CORO1C/CTNNB1/MYO9B/PIP5K1A/CDK5/DDX3X/CAPZB/IGF2BP1/FLOT1/ABI1/RDX/CYFIP1/PTPN13/ITGB1/ALS2/NRBP1/CASP8/CDC42BPB/ARPC3/ITGAV/RAC1",32
"GO:0016605","PML body","21/1519","110/19880",0.190909090909091,2.49853372434018,4.53301877200512,7.87807738484568e-05,0.00081955521451305,0.00054335836165707,"USP7/MTOR/PTEN/DAPK3/SUMO1/NBN/AKAP8L/CHD3/TDG/CSNK2B/MKNK2/TRIM27/TOP3A/SMC6/PIAS1/ZMYM2/DAXX/PIAS2/SLF2/WDFY3/SUMO2",21
"GO:0070603","SWI/SNF superfamily-type complex","19/1519","95/19880",0.2,2.61751152073733,4.54536900803299,8.87600013617863e-05,0.00090979001395831,0.000603183290987991,"DDX21/RBBP4/BPTF/MYO1C/SMARCA5/BAZ1B/CHD3/YY1AP1/BAZ2A/SMARCC1/CHD4/ANP32E/SF3B1/SUZ12/SMARCD1/DPF2/ACTL6A/BCL7A/ACTR6",19
"GO:0005852","eukaryotic translation initiation factor 3 complex","7/1519","16/19880",0.4375,5.7258064516129,5.43914400737829,9.26479730961865e-05,0.00093587880069626,0.00062047994186462,"EIF3D/DDX3X/EIF3F/EIF3I/EIF3CL/EIF3C/EIF3G",7
"GO:0030904","retromer complex","8/1519","21/19880",0.380952380952381,4.98573622997586,5.25614699469919,9.40548022036616e-05,0.000936517101942173,0.000620903130336954,"TBC1D5/SNX3/TRIM27/VPS26A/SNX5/VPS29/DCTN1/SNX27",8
"GO:0016363","nuclear matrix","23/1519","129/19880",0.178294573643411,2.33344050298289,4.37020632986214,0.000110464009299821,0.00108441428847852,0.000718957747703801,"KAT8/GMCL1/XPOT/MORC2/MATR3/NONO/AKAP8L/ARFGEF1/CFL1/HNRNPA2B1/DCAF7/HNRNPM/SMARCC1/PRPF40A/UHRF1/STAG1/SMARCD1/ACTL6A/PSPC1/ANXA2/PHB2/HNRNPU/VIM",23
"GO:0008540","proteasome regulatory particle, base subcomplex","6/1519","12/19880",0.5,6.54377880184332,5.52519269997237,0.000121721999399255,0.00114648964299028,0.000760113196817535,"PSMD9/PSMD4/PSMD10/PSMC6/PSMD2/PSMC3",6
"GO:0071006","U2-type catalytic step 1 spliceosome","6/1519","12/19880",0.5,6.54377880184332,5.52519269997237,0.000121721999399255,0.00114648964299028,0.000760113196817535,"CWC22/PRPF19/PRPF8/SNRNP200/CASC3/EIF4A3",6
"GO:0071012","catalytic step 1 spliceosome","6/1519","12/19880",0.5,6.54377880184332,5.52519269997237,0.000121721999399255,0.00114648964299028,0.000760113196817535,"CWC22/PRPF19/PRPF8/SNRNP200/CASC3/EIF4A3",6
"GO:0061695","transferase complex, transferring phosphorus-containing groups","42/1519","305/19880",0.137704918032787,1.80222104706505,4.06088858906607,0.000144926223801639,0.00133176167259508,0.000882947027515278,"PRKCI/CDK7/CDK11B/PRKAR1B/POLR1D/TAF1/CSNK2A2/POLR2A/PRIM2/CCNK/POLR1E/TAF9/GTF2B/TBC1D5/CCNB1/CCNI/POLR3C/ERC1/CCNC/TAF13/TBPL1/PRKDC/CSNK2B/PHKA2/XRCC5/TCEA1/PRKACA/CDK8/PRKAR2A/CDK5/PRPS1/ATG13/POLR2E/TADA3/TAF2/CDK16/PRKAR2B/PRKAG1/CDKN1A/PIK3R3/USP22/PFKM",42
"GO:0033290","eukaryotic 48S preinitiation complex","7/1519","17/19880",0.411764705882353,5.38899430740038,5.2070895358898,0.000147124316771623,0.00133176167259508,0.000882947027515278,"EIF1AX/EIF3D/EIF3F/EIF3I/EIF3CL/EIF3C/EIF3G",7
"GO:0090443","FAR/SIN/STRIPAK complex","7/1519","17/19880",0.411764705882353,5.38899430740038,5.2070895358898,0.000147124316771623,0.00133176167259508,0.000882947027515278,"PPP2CB/SLMAP/PPP2R1A/STK26/STK24/STRN3/STRN4",7
"GO:0002102","podosome","11/1519","41/19880",0.268292682926829,3.51129594245251,4.62975408001326,0.000185165104246126,0.00165461638025064,0.00109699704135019,"FLNA/ASAP1/VCL/ERC1/TPM4/TJP1/PTPN12/WDR1/DNM2/SRC/HNRNPK",11
"GO:0000803","sex chromosome","10/1519","35/19880",0.285714285714286,3.7393021724819,4.66526589218207,0.000205421389804879,0.00181238871764557,0.00120159880245625,"PCGF2/SUMO1/MACROH2A1/SMARCC1/SMC6/PCGF3/SUZ12/RING1/HNRNPU/BRCA1",10
"GO:0005765","lysosomal membrane","56/1519","451/19880",0.124168514412417,1.6250625849367,3.86202018157959,0.000217140497374297,0.00186848057617142,0.00123878724298007,"PPT1/HPS4/ATP6AP2/MTOR/PLD3/UBA52/ATP6V1A/CHMP6/ZFYVE26/CTSD/VPS41/SCARB2/ATP6V0A1/AP2B1/IFITM1/AP2A2/STARD3NL/UBA1/TMEM165/STARD3/CCZ1/LAMTOR1/SLC12A4/ATP6V1B2/EEF1A1/SAR1A/MAGT1/RHEB/PSAP/LAMTOR5/SURF4/NEU3/BST2/B2M/SLC66A1/CCZ1B/TFE3/DNAJC5/SZT2/GNB1/LAMTOR3/SEC13/ATP6V0B/CD63/FLOT1/VAPA/ENTPD4/CPNE3/GDAP2/DNAJC13/STK11IP/ANXA2/AP1G1/SPNS1/DRAM2/AP2A1",56
"GO:0098852","lytic vacuole membrane","56/1519","451/19880",0.124168514412417,1.6250625849367,3.86202018157959,0.000217140497374297,0.00186848057617142,0.00123878724298007,"PPT1/HPS4/ATP6AP2/MTOR/PLD3/UBA52/ATP6V1A/CHMP6/ZFYVE26/CTSD/VPS41/SCARB2/ATP6V0A1/AP2B1/IFITM1/AP2A2/STARD3NL/UBA1/TMEM165/STARD3/CCZ1/LAMTOR1/SLC12A4/ATP6V1B2/EEF1A1/SAR1A/MAGT1/RHEB/PSAP/LAMTOR5/SURF4/NEU3/BST2/B2M/SLC66A1/CCZ1B/TFE3/DNAJC5/SZT2/GNB1/LAMTOR3/SEC13/ATP6V0B/CD63/FLOT1/VAPA/ENTPD4/CPNE3/GDAP2/DNAJC13/STK11IP/ANXA2/AP1G1/SPNS1/DRAM2/AP2A1",56
"GO:0140534","endoplasmic reticulum protein-containing complex","21/1519","118/19880",0.177966101694915,2.32914160743576,4.16509391167064,0.000221541300984141,0.0018831010583652,0.00124848050233682,"EMC4/VCP/CALR/NPLOC4/FAF1/DNAJB11/TAP1/RPN1/PRKCSH/MAGT1/HYOU1/B2M/RPN2/NBAS/SRPRB/SPCS2/SEC11A/EMC1/PDIA6/PIGP/GANAB",21
"GO:0044232","organelle membrane contact site","13/1519","56/19880",0.232142857142857,3.03818301514154,4.39308428471926,0.000242820609764368,0.00203910801211765,0.00135191182861836,"AHCYL1/TMX2/MOSPD2/TMX1/STARD3NL/CHCHD3/STARD3/MICU1/GRAMD1A/SARAF/CANX/APOO/MBOAT7",13
"GO:0005774","vacuolar membrane","60/1519","495/19880",0.121212121212121,1.58637061862868,3.7998800381006,0.000252803579476825,0.00209766779637318,0.00139073648358805,"PPT1/HPS4/ATP6AP2/MTOR/PLD3/UBA52/ATP6V1A/CHMP6/ZFYVE26/VPS4A/CTSD/VPS41/SCARB2/ATP6V0A1/AP2B1/IFITM1/AP2A2/STARD3NL/UBA1/TMEM165/STARD3/CCZ1/LAMTOR1/SLC12A4/ATP6V1B2/EEF1A1/ATG4B/SAR1A/MAGT1/RHEB/PSAP/LAMTOR5/SURF4/NEU3/BST2/B2M/SLC66A1/CCZ1B/TFE3/DNAJC5/SZT2/GNB1/LAMTOR3/SEC13/ATP6V0B/CD63/FLOT1/VAPA/ENTPD4/CPNE3/WDFY3/GDAP2/DNAJC13/STK11IP/ANXA2/AP1G1/SPNS1/TMEM150B/DRAM2/AP2A1",60
"GO:0000228","nuclear chromosome","34/1519","236/19880",0.144067796610169,1.8854955869718,3.93600306897401,0.000256784915586274,0.00210563630780744,0.00139601954108203,"BRMS1/RBBP4/NCAPD3/CDC5L/PRIM2/PRPF19/MORF4L1/LRPPRC/MACROH2A1/SMARCA5/BAZ1B/PLRG1/WDHD1/GINS1/ORC1/YY1AP1/SINHCAF/SETX/ANP32E/MUS81/CARM1/SUDS3/PARP1/IK/MMS22L/NCAPD2/DHX9/ACTL6A/CHD1/ACTR6/EXOSC9/HNRNPU/BRCA1/ERCC5",34
"GO:0005741","mitochondrial outer membrane","33/1519","228/19880",0.144736842105263,1.89425175842833,3.90617626734305,0.00028813675349354,0.00233524787424415,0.00154825011975109,"TIGAR/MTOR/UBA52/KRAS/MIEF1/RPS27A/VDAC3/MYO19/MFN2/MFF/BAX/HADHB/ATAD1/HSPA9/CHCHD3/DMPK/MIGA1/SLC44A1/DELE1/HK1/HAX1/MTCH2/FIS1/UBC/APOO/VDAC2/LPIN1/IFI27/PI4KB/HK2/CASP8/MFN1/PHB2",33
"GO:0031256","leading edge membrane","28/1519","183/19880",0.153005464480874,2.00246783007227,3.91853685312257,0.000323642879825991,0.00258348500112274,0.00171282929169053,"EZR/ATP6AP2/MYO1C/NCKAP1/VASP/EPB41L5/ITGA5/CLASP2/FERMT2/SLC39A6/ARF4/MTMR6/PAK1/SPTBN1/CFL1/AIF1L/EEF1A1/ARHGEF2/CORO1C/PIP5K1A/CDC42/AKT2/SRC/ITGB1/RPS3/DIAPH1/ITGAV/RAC1",28
"GO:0000781","chromosome, telomeric region","27/1519","174/19880",0.155172413793103,2.03082790402034,3.92816335227757,0.000326178881059973,0.00258348500112274,0.00171282929169053,"RBBP4/ALYREF/MACROH2A1/FEN1/NBN/ERCC1/WRAP53/PPP1R10/EID3/ORC1/SSB/PRKDC/NLRP2/HNRNPA2B1/SETX/CHD4/XRCC5/SMC6/NAT10/CBX3/DDB1/PARP1/PTGES3/SLF2/TNKS2/THOC5/SUN1",27
"GO:0000974","Prp19 complex","6/1519","14/19880",0.428571428571429,5.60895325872284,4.96179816947454,0.000346111905157457,0.00268044442105275,0.00177711258905408,"CDC5L/POLR2A/PRPF19/PLRG1/CTNNBL1/U2AF2",6
"GO:0072379","ER membrane insertion complex","6/1519","14/19880",0.428571428571429,5.60895325872284,4.96179816947454,0.000346111905157457,0.00268044442105275,0.00177711258905408,"RAB5IF/NOMO1/NOMO3/SGTA/BAG6/CCDC47",6
"GO:0090734","site of DNA damage","22/1519","131/19880",0.16793893129771,2.19791043726035,3.95653881168033,0.000372031845998567,0.00284951864462639,0.00188920740767347,"ARPC2/VCP/PRPF19/MACROH2A1/SMARCA5/NBN/WRAP53/ELOA/PARP9/CHD4/XRCC5/ARPC4/SMC6/UIMC1/CBX3/CYREN/DDB1/PARP1/INTS3/SLF2/MMS22L/ARPC3",22
"GO:0005682","U5 snRNP","8/1519","25/19880",0.32,4.18801843317972,4.58758232635026,0.00037934605727823,0.00287395871655355,0.00190541097420072,"SNRPD2/PRPF8/SNRNP200/SNRPN/SNRPD1/PRPF6/SNRPG/SNRNP40",8
"GO:1902554","serine/threonine protein kinase complex","23/1519","140/19880",0.164285714285714,2.15009874917709,3.92783796258361,0.000383905379137396,0.00287722633611575,0.00190757737907546,"PRKCI/CDK7/CDK11B/PRKAR1B/CSNK2A2/CCNK/TBC1D5/CCNB1/CCNI/ERC1/CCNC/PRKDC/CSNK2B/PHKA2/XRCC5/PRKACA/CDK8/PRKAR2A/CDK5/ATG13/CDK16/PRKAR2B/CDKN1A",23
"GO:0001650","fibrillar center","24/1519","150/19880",0.16,2.09400921658986,3.86839716337407,0.000432930065201966,0.00321013037708266,0.00212829001818212,"EZR/TRAF4/CDK7/TIMM44/KDM4A/POLR1E/SMARCA5/NONO/PLRG1/DUSP11/YY1AP1/EXOSC8/E2F5/CILK1/NRIP1/TRIM27/TXNRD1/PTPN13/RREB1/IP6K2/EEF1D/PSPC1/MBD6/SPECC1",24
"GO:0035371","microtubule plus-end","8/1519","26/19880",0.307692307692308,4.02694080113435,4.44216392736487,0.000511508663572115,0.00375285830010278,0.00248811416407932,"CLASP1/CLASP2/TBCB/MAPRE1/PDE4DIP/SLAIN2/DCTN1/KIF2C",8
"GO:0071203","WASH complex","6/1519","15/19880",0.4,5.23502304147465,4.71938177264062,0.000539656437557885,0.00391813059351922,0.00259768833429727,"WASHC4/WASHC2A/CAPZA1/CAPZB/DNAJC13/SNX27",6
"GO:0070971","endoplasmic reticulum exit site","9/1519","33/19880",0.272727272727273,3.56933389191454,4.24871959095587,0.000621237382463066,0.0044639428409975,0.00295955736192389,"PDCD6IP/CRYZL2P-SEC16B/SEC16B/MIA2/MIA3/SAR1A/SURF4/TMED5/PDCD6",9
"GO:0045335","phagocytic vesicle","23/1519","145/19880",0.158620689655172,2.07595741299857,3.74014557522014,0.000638895917518666,0.00450430631377985,0.00298631801215639,"STXBP3/MTOR/MYO1C/CALR/OCRL/ZDHHC5/ATP6V0A1/TAP1/RAB5A/ANXA11/HLA-E/HLA-B/SNX3/B2M/DNM2/FLNB/ATP6V0B/CDC42/RAB8A/INPP5B/VIM/STXBP1/ITGAV",23
"GO:1902911","protein kinase complex","24/1519","154/19880",0.155844155844156,2.03961936680831,3.72514511664645,0.000639779519460839,0.00450430631377985,0.00298631801215639,"PRKCI/CDK7/CDK11B/PRKAR1B/CSNK2A2/CCNK/TBC1D5/CCNB1/CCNI/ERC1/CCNC/PRKDC/CSNK2B/PHKA2/XRCC5/PRKACA/CDK8/PRKAR2A/CDK5/ATG13/CDK16/PRKAR2B/PRKAG1/CDKN1A",24
"GO:0032039","integrator complex","7/1519","21/19880",0.333333333333333,4.36251920122888,4.43428620821316,0.000670340272372724,0.00462601158261177,0.00306700760366468,"INTS4/NIPBL/INTS6/INTS8/INTS14/INTS3/INTS15",7
"GO:0035145","exon-exon junction complex","7/1519","21/19880",0.333333333333333,4.36251920122888,4.43428620821316,0.000670340272372724,0.00462601158261177,0.00306700760366468,"SAP18/ALYREF/RNPS1/R3HCC1L/ACIN1/CASC3/EIF4A3",7
"GO:0005874","microtubule","57/1519","486/19880",0.117283950617284,1.53496045969164,3.43426742804925,0.00080399475383459,0.0054667910370459,0.00362443746169773,"CLASP1/DYNC1I2/AURKA/TBCE/PARP4/HAUS6/GAS8/TTLL3/KIF1B/CLASP2/CHMP6/TPGS2/LRPPRC/REEP4/CCT6A/TBCB/NUDC/CCT4/RUSC1/CCT7/CALM3/TPT1/HAUS1/TBCA/EMD/CCT3/SKA2/MDM1/MAPRE1/FAM161B/DYNLRB1/DLG1/KIF5A/TUBB6/CCT8/NEK7/TUBGCP5/ARHGEF2/DNM2/EML3/CDK5/TUBB/SRPRB/FKBP4/CCT2/TCP11L1/TUBA1A/PDE4DIP/SLAIN2/TTLL7/NUSAP1/DYNC2LI1/DCTN1/KIF2C/REEP3/HNRNPU/STIM1",57
"GO:0035098","ESC/E(Z) complex","6/1519","16/19880",0.375,4.90783410138249,4.49770269942154,0.000807861516234904,0.0054667910370459,0.00362443746169773,"RBBP4/TRIM37/PHF19/MTF2/EED/SUZ12",6
"GO:0044295","axonal growth cone","8/1519","28/19880",0.285714285714286,3.7393021724819,4.17200492874794,0.000887002250860077,0.00594462085432186,0.00394123469764751,"FLNA/HSP90AB1/CLASP2/PTCH1/BOC/FKBP4/CYFIP1/TRAK1",8
"GO:0005643","nuclear pore","17/1519","96/19880",0.177083333333333,2.31758832565284,3.72208504065906,0.000899877635986336,0.0059734734503093,0.00396036373130829,"NXF1/IPO7/NXT2/XPOT/CHMP6/VPS4A/SUMO1/NUP98/EIF5A/NUP107/NDC1/KPNB1/NUP214/IPO5/SEC13/NUP205/NUP153",17
"GO:0009295","nucleoid","11/1519","49/19880",0.224489795918367,2.93802313552149,3.90672353160871,0.000970103285526482,0.00631927093469119,0.0041896246172762,"DNAJA3/LRPPRC/HADHA/HADHB/HSPA9/LONP1/DHX30/SOD2/VDAC2/HSD17B10/SSBP1",11
"GO:0042645","mitochondrial nucleoid","11/1519","49/19880",0.224489795918367,2.93802313552149,3.90672353160871,0.000970103285526482,0.00631927093469119,0.0041896246172762,"DNAJA3/LRPPRC/HADHA/HADHB/HSPA9/LONP1/DHX30/SOD2/VDAC2/HSD17B10/SSBP1",11
"GO:0099738","cell cortex region","9/1519","35/19880",0.257142857142857,3.36537195523371,4.0284307499664,0.000989942908002173,0.00638879821182884,0.00423572062975589,"CLASP1/CLASP2/PHLDB1/ERC1/OSBPL2/CTBP1/CTNNB1/DCTN1/STXBP1",9
"GO:0005686","U2 snRNP","8/1519","29/19880",0.275862068965517,3.61036071825838,4.04609726023565,0.00114372389531372,0.00731353720214368,0.00484881496902677,"SNRPD2/U2SURP/SF3B2/SNRPN/SF3B1/SNRPD1/SNRPG/SF3A1",8
"GO:0034518","RNA cap binding complex","6/1519","17/19880",0.352941176470588,4.61913797777175,4.29373432114537,0.00116826362503306,0.00733585357340576,0.00486361053949276,"EIF4G1/EIF4B/NCBP2/EIF4H/EIF4A1/EIF4G2",6
"GO:0045239","tricarboxylic acid cycle heteromeric enzyme complex","6/1519","17/19880",0.352941176470588,4.61913797777175,4.29373432114537,0.00116826362503306,0.00733585357340576,0.00486361053949276,"DLD/IDH3A/DLST/SUCLA2/BCKDK/SUCLG1",6
"GO:0005791","rough endoplasmic reticulum","12/1519","58/19880",0.206896551724138,2.70777053869379,3.74625871700724,0.00124830398284455,0.00776846317895224,0.00515042714726275,"RPS28/RPS26/RPL4/SUCO/UBA1/RPN1/SRPRB/CCDC47/PKM/RPL18/PI4KB/RPS21",12
"GO:0030496","midbody","29/1519","209/19880",0.138755980861244,1.81597689237757,3.41087475345057,0.00128404112532998,0.00778917490014249,0.00516415884793861,"PDCD6IP/AURKA/CDCA8/DAPK3/CHMP6/ZFYVE26/VPS4A/TACC1/NUDC/EXOC6/PTCH1/ANXA11/SEPTIN6/NAT10/ERH/SEPTIN7/DNM2/EML3/BIRC6/CDC42/RACK1/RAB8A/RDX/SEPTIN2/TRAPPC14/ATXN10/ANXA2/GNL3/HNRNPU",29
"GO:0005657","replication fork","14/1519","74/19880",0.189189189189189,2.47602441150828,3.65880278679636,0.00128515798208951,0.00778917490014249,0.00516415884793861,"CDC5L/PRIM2/PRPF19/SMARCA5/NBN/BAZ1B/PLRG1/WDHD1/MUS81/UHRF1/CARM1/PARP1/MMS22L/ERCC5",14
"GO:0016234","inclusion body","14/1519","74/19880",0.189189189189189,2.47602441150828,3.65880278679636,0.00128515798208951,0.00778917490014249,0.00516415884793861,"NXF1/SLC2A3/CARD14/NBN/TRIM37/HSPA1B/NUP98/PICALM/PSMC6/PABPN1/WDFY3/NUP153/CLU/XRN2",14
"GO:0060205","cytoplasmic vesicle lumen","41/1519","329/19880",0.124620060790274,1.63097222416764,3.31933963201685,0.00133376261695054,0.00801407365529764,0.00531326487151803,"HSP90AB1/PSMD7/VCP/ALDOA/ALDOC/PGAM1/VCL/CTSD/GNS/PSMA2/ALAD/HGF/TMSB4X/ADA/CSNK2B/EEF1A1/HEXB/XRCC5/VEGFA/KPNB1/ACTN4/CCT8/B2M/PNP/GLB1/GSTP1/PPIA/TUBB/DDX3X/CYFIP1/HUWE1/SPTAN1/PSMD2/CCT2/PKM/STK11IP/CLU/PSMC3/ANXA2/SDCBP/ACTN1",41
"GO:1990204","oxidoreductase complex","23/1519","153/19880",0.150326797385621,1.96741062016204,3.45504757879244,0.00135229474195398,0.0080559780781361,0.00534104715895454,"LDHA/UQCRC2/NDUFA3/UQCRB/COX7C/NDUFAB1/HADHA/NDUFV2/DLD/COX4I1/HADHB/IDH3A/NDUFS2/LDHB/NDUFA11/DLST/RRM1/NDUFB7/NDUFS7/BCKDK/NDUFB6/NDUFA4/RAC1",23
"GO:0031983","vesicle lumen","41/1519","330/19880",0.124242424242424,1.6260298840944,3.29842522185794,0.00141348713466457,0.00834915705814579,0.00553542240961414,"HSP90AB1/PSMD7/VCP/ALDOA/ALDOC/PGAM1/VCL/CTSD/GNS/PSMA2/ALAD/HGF/TMSB4X/ADA/CSNK2B/EEF1A1/HEXB/XRCC5/VEGFA/KPNB1/ACTN4/CCT8/B2M/PNP/GLB1/GSTP1/PPIA/TUBB/DDX3X/CYFIP1/HUWE1/SPTAN1/PSMD2/CCT2/PKM/STK11IP/CLU/PSMC3/ANXA2/SDCBP/ACTN1",41
"GO:0000118","histone deacetylase complex","15/1519","83/19880",0.180722891566265,2.36522125367831,3.58484501065594,0.00142594716415307,0.00835197624718229,0.00553729150874126,"BRMS1/SAP18/RBBP4/MORF4L1/TBL1XR1/CHD3/SINHCAF/NRIP1/CHD4/ANP32E/HDAC9/SUDS3/KDM3A/ZNF217/ACTR6",15
"GO:0071782","endoplasmic reticulum tubular network","8/1519","30/19880",0.266666666666667,3.4900153609831,3.92563924407003,0.00145637124035041,0.00842805173429266,0.0055877289305361,"ASPH/REEP4/RETREG3/RAB3GAP1/EMD/KPNB1/REEP3/STIM1",8
"GO:0072686","mitotic spindle","26/1519","182/19880",0.142857142857143,1.86965108624095,3.38998408775642,0.00146311945459026,0.00842805173429266,0.0055877289305361,"CLASP1/AURKA/HAUS6/CLASP2/TBL1XR1/NUDC/HAUS1/LSM14A/MAPRE1/SMC6/TUBB6/EML3/STAG1/TFDP2/TUBB/CDC42/TADA3/TAF1D/IK/TRAPPC14/NUSAP1/RPS3/RTRAF/DCTN1/HNRNPU/DIAPH1",26
"GO:0099522","cytosolic region","9/1519","37/19880",0.243243243243243,3.18345995765351,3.82358206791346,0.00151855472159726,0.00867567738486306,0.00575190269871613,"PPT1/FUS/SUMO1/CALM3/DBN1/KIF5A/PIAS1/SUMO2/STXBP1",9
"GO:0045121","membrane raft","37/1519","291/19880",0.127147766323024,1.66405371593266,3.28224927553281,0.00156345529852034,0.0088595800249486,0.00587382863543372,"PPT1/EZR/CBL/MYO1C/VCL/CTSD/SLC39A6/CHP1/RAB5A/PTCH1/CTNNA1/ADD2/LAMTOR1/GJA1/LDHB/PRKACA/DLG1/PGK1/NEU3/BST2/HK1/PRKAR2A/CORO1C/CTNNB1/BMPR1A/VDAC2/TUBB/ATP2B4/FLOT1/SRC/TNFRSF1A/IL6ST/ITGB1/CAPN2/ANXA2/SDCBP/STIM1",37
"GO:0000159","protein phosphatase type 2A complex","6/1519","18/19880",0.333333333333333,4.36251920122888,4.10504124737196,0.00163994228149475,0.00921806266291806,0.00611149967382169,"PPP2R2A/PPP2CB/PPP2R5A/PPP2R1A/PPP2R2D/PPP2R5B",6
"GO:0035097","histone methyltransferase complex","13/1519","68/19880",0.191176470588235,2.50203307129303,3.56859925199841,0.00171154397455098,0.00954356920209624,0.00632730783012951,"KAT8/RBBP4/TAF1/RBBP5/TAF9/TRIM37/PHF19/KMT2A/MTF2/CHD8/EED/SUZ12/HDAC9",13
"GO:0098857","membrane microdomain","37/1519","293/19880",0.126279863481229,1.65269498749626,3.23733851734922,0.00176580719651957,0.00976799695217573,0.00647610158122049,"PPT1/EZR/CBL/MYO1C/VCL/CTSD/SLC39A6/CHP1/RAB5A/PTCH1/CTNNA1/ADD2/LAMTOR1/GJA1/LDHB/PRKACA/DLG1/PGK1/NEU3/BST2/HK1/PRKAR2A/CORO1C/CTNNB1/BMPR1A/VDAC2/TUBB/ATP2B4/FLOT1/SRC/TNFRSF1A/IL6ST/ITGB1/CAPN2/ANXA2/SDCBP/STIM1",37
"GO:0034774","secretory granule lumen","40/1519","324/19880",0.123456790123457,1.61574785230699,3.21412960464934,0.00180466255485746,0.00990432913965077,0.00656648869939845,"HSP90AB1/PSMD7/VCP/ALDOA/ALDOC/PGAM1/VCL/CTSD/GNS/PSMA2/ALAD/HGF/TMSB4X/CSNK2B/EEF1A1/HEXB/XRCC5/VEGFA/KPNB1/ACTN4/CCT8/B2M/PNP/GLB1/GSTP1/PPIA/TUBB/DDX3X/CYFIP1/HUWE1/SPTAN1/PSMD2/CCT2/PKM/STK11IP/CLU/PSMC3/ANXA2/SDCBP/ACTN1",40
