Identifier (Quadratlas),Sequence (Quadratlas),Characterization Method,Overlapping PlatRNAseq Location (Hg38)
chr1:180502094-180502153(-),GACCAGTTGCCTGGCCGAGCTGTTTGAGAAGGCTGCCGCGCACCTGCAAGGCCTGATTCA,RT-stop profiling,chr1	180502053	180502153	ENSG00000230124-3	1000	-	1.79	5.211e-12	8.078e-10	.
chr1:180502095-180502154(-),AGACCAGTTGCCTGGCCGAGCTGTTTGAGAAGGCTGCCGCGCACCTGCAAGGCCTGATTC,RT-stop profiling,chr1	180502053	180502153	ENSG00000230124-3	1000	-	1.79	5.211e-12	8.078e-10	.
chr6:163415182-163415241(+),GGAGCCTGGAATATGGTCGGGGAAATGGAAACGAAGGAGAAGCCGAAGCCCACCCCAGAT,RT-stop profiling,chr6        163415100        163415200        ENSG00000112531-6        1000        +        3.07        1.665e-15        1.649e-13        .
chr6:163415194-163415241(+),ATGGTCGGGGAAATGGAAACGAAGGAGAAGCCGAAGCCCACCCCAGAT,RT-stop profiling,chr6	163415100	163415200	ENSG00000112531-6	1000	+	3.07	1.665e-15	1.649e-13	.
chr6:163415186-163415245(+),CCTGGAATATGGTCGGGGAAATGGAAACGAAGGAGAAGCCGAAGCCCACCCCAGATTACC,RT-stop profiling,chr6	163415100	163415200	ENSG00000112531-6	1000	+	3.07	1.665e-15	1.649e-13	.
chr6:163415194-163415245(+),ATGGTCGGGGAAATGGAAACGAAGGAGAAGCCGAAGCCCACCCCAGATTACC,RT-stop profiling,chr6	163415100	163415200	ENSG00000112531-6	1000	+	3.07	1.665e-15	1.649e-13	.
chr1:31938031-31938149(-),GTGACTGAGGAGAGAGGCGCCTCCTCGCTCGCCGGGCCGGGCCGGGTGTCGCGCGCCGAG	,RT-stop profiling,chr1	31938021	31938121	ENSG00000184007-2	1000	-	2.77	0	0	.
chr1:31938090-31938149(-),CGCCGGGCCGGGCCGGGTGTCGCGCGCCGAGGCTGGGGGGGAGTCGTCGCCGCCGCCGCC,RT-stop profiling,chr1	31938021	31938121	ENSG00000184007-2	1000	-	2.77	0	0	.
chr1:31938032-31938150(-),GTGACTGAGGAGAGAGGCGCCTCCTCGCCCGCCGGGCCGGGCCGGGTGTCGCGCGCCGAG,RT-stop profiling,chr1	31938121	31938221	ENSG00000184007-3	1000	-	3.36	0	0	.
chr17:979462-979521(-),TGGCCGCCTTCTACGGGCGCCTGCGGGGGGACGCGGCGGCCGGGCCGGGGCCGGGAGCGG,RT-stop profiling,chr17	979410	979510	ENSG00000167693-3	1000	-	1.87	5.29e-05	0.006784	.
chr17:979465-979524(-),GCCTGGCCGCCTTCTACGGGCGCCTGCGGGGGGACGCGGCGGCCGGGCCGGGGCCGGGAG	,RT-stop profiling,chr17	979410	979510	ENSG00000167693-3	1000	-	1.87	5.29e-05	0.006784	.
chr6:163414721-163414780(+),GTCGGAGCGCGGCGGCAGCGGCAGAGGCGCCGCGGCGGGGACCAGCCCAGAGAGACCCCC,RT-stop profiling,chr6	163414700	163414800	ENSG00000112531-2	1000	+	3.17	0	0	.
chrX:19836171-19836201(-),CAGGAAGGAGGATGGAGGCTGGTGGGAGGG,RG4-seq,chrX	19836177	19836277	ENSG00000147010-2	1000	-	3.39	0	0	.